start_id,end_id
1,3
2,3
3,4
4,1
5,5
6,1
7,1
8,4
9,4
10,3
11,3
12,3
13,2
14,2
15,2
16,2
17,2
18,2
19,4
20,5
21,2
22,1
23,1
24,1
25,5
26,5
27,5
28,3
29,2
30,2
31,2
32,2
33,5
34,2
35,1
36,1
37,1
38,1
39,4
40,4
41,4
42,4
43,4
44,4
45,2
46,2
47,3
48,3
49,3
50,3
51,1
52,1
53,3
54,3
55,4
56,1
57,2
58,5
59,1
60,3
61,1
62,3
63,4
64,5
65,1
66,2
67,4
68,2
69,5
70,2
71,3
72,1
73,4
74,3
75,1
76,2
77,3
78,5
79,5
80,1
81,3
82,4
83,1
84,3
85,2
86,4
87,2
88,4
89,1
90,1
91,2
92,2
93,5
94,5
95,4
96,3
97,3
98,2
99,1
100,3
101,2
